{"lr": 0.0001, "data_time": 0.009998297691345215, "loss": 1.1896530985832214, "decode.loss_ce": 1.1896530985832214, "decode.acc_seg": 91.57120513916016, "time": 0.28411240577697755, "iter": 50, "memory": 7665, "step": 50}
{"lr": 0.0001, "data_time": 0.010262656211853027, "loss": 0.8178470522165299, "decode.loss_ce": 0.8178470522165299, "decode.acc_seg": 92.256103515625, "time": 0.2704653263092041, "iter": 100, "memory": 5611, "step": 100}
